Model_Name,Accuracy,F1_Score,ROC_AUC,Best_Params,Model_Object
XGBClassifier,0.7914691943127962,0.5801526717557252,0.7118743735536354,"{'n_estimators': 200, 'max_depth': 3, 'learning_rate': 0.1}","XGBClassifier(base_score=None, booster=None, callbacks=None,
              colsample_bylevel=None, colsample_bynode=None,
              colsample_bytree=None, device=None, early_stopping_rounds=None,
              enable_categorical=False, eval_metric='logloss',
              feature_types=None, feature_weights=None, gamma=None,
              grow_policy=None, importance_type=None,
              interaction_constraints=None, learning_rate=0.1, max_bin=None,
              max_cat_threshold=None, max_cat_to_onehot=None,
              max_delta_step=None, max_depth=3, max_leaves=None,
              min_child_weight=None, missing=nan, monotone_constraints=None,
              multi_strategy=None, n_estimators=200, n_jobs=None,
              num_parallel_tree=None, ...)"
RandomForestClassifier,0.7985781990521327,0.570273003033367,0.7042097195706735,"{'n_estimators': 100, 'min_samples_split': 5, 'max_depth': 10}","RandomForestClassifier(max_depth=10, min_samples_split=5, random_state=42)"
